code_a,code_b,cooccurrence,c_coefficient,gr_a,gr_b,sentiment_a,sentiment_b,indicator_a,indicator_b
● coherence_negative,● continuity_negative,15,0.12,60,80,negative,negative,coherence,continuity
○ morphology_positive,● nature_positive,14,0.2153846153846154,29,50,positive,positive,morphology,nature
● accessibility_positive,● crossability_positive,13,0.2765957446808511,34,26,positive,positive,accessibility,crossability
● continuity_negative,● nature_negative,11,0.11578947368421053,80,26,negative,negative,continuity,nature
● distinctiveness_positive,● nature_positive,11,0.1375,41,50,positive,positive,distinctiveness,nature
● beauty_positive,● distinctiveness_positive,10,0.14084507042253522,40,41,positive,positive,beauty,distinctiveness
● compatibility_negative,● safety_comfort_negative,9,0.14516129032258066,37,34,negative,negative,compatibility,safety_comfort
● crossability_positive,● nature_positive,9,0.13432835820895522,26,50,positive,positive,crossability,nature
● crossability_positive,○ morphology_positive,9,0.1956521739130435,26,29,positive,positive,crossability,morphology
● ambience_positive,● environment_positive,9,0.19148936170212766,41,15,positive,positive,ambience,environment
● environment_negative,● safety_comfort_negative,8,0.13114754098360656,35,34,negative,negative,environment,safety_comfort
● ambience_positive,● nature_positive,8,0.0963855421686747,41,50,positive,positive,ambience,nature
● ambience_positive,● safety_comfort_positive,8,0.16,41,17,positive,positive,ambience,safety_comfort
● continuity_negative,● cultural heritage_negative,8,0.1,80,8,negative,negative,continuity,cultural heritage
● continuity_negative,○ participative_governance_negative,8,0.08602150537634409,80,21,negative,negative,continuity,participative_governance
● beauty_negative,● continuity_negative,8,0.08791208791208792,19,80,negative,negative,beauty,continuity
● beauty_negative,● coherence_negative,8,0.11267605633802817,19,60,negative,negative,beauty,coherence
● continuity_negative,● interactions/vitality_negative,8,0.07692307692307693,80,32,negative,negative,continuity,interactions/vitality
● beauty_positive,● nature_positive,8,0.0975609756097561,40,50,positive,positive,beauty,nature
● compatibility_negative,● interactions/vitality_negative,8,0.13114754098360656,37,32,negative,negative,compatibility,interactions/vitality
● authenticity_positive,● continuity_positive,7,0.1794871794871795,12,34,positive,positive,authenticity,continuity
● ambience_positive,● beauty_positive,7,0.0945945945945946,41,40,positive,positive,ambience,beauty
● interactions/vitality_positive,● Mixed_uses_positive,7,0.1794871794871795,37,9,positive,positive,interactions/vitality,Mixed_uses
● appropriation_publicness_positive,● continuity_positive,7,0.15555555555555556,18,34,positive,positive,appropriation_publicness,continuity
● coherence_negative,● crossability_negative,7,0.09859154929577464,60,18,negative,negative,coherence,crossability
● continuity_positive,● cultural heritage_positive,7,0.14285714285714285,34,22,positive,positive,continuity,cultural heritage
● cultural heritage_positive,● distinctiveness_positive,7,0.125,22,41,positive,positive,cultural heritage,distinctiveness
○ carrying_capacity_negative,● safety_comfort_negative,7,0.15555555555555556,18,34,negative,negative,carrying_capacity,safety_comfort
● continuity_negative,● environment_negative,6,0.05504587155963303,80,35,negative,negative,continuity,environment
○ mystery_positive,● nature_positive,6,0.10714285714285714,12,50,positive,positive,mystery,nature
● complexity_positive,● nature_positive,6,0.1111111111111111,10,50,positive,positive,complexity,nature
● continuity_positive,● distinctiveness_positive,6,0.08695652173913043,34,41,positive,positive,continuity,distinctiveness
● authenticity_negative,● coherence_negative,6,0.08333333333333333,18,60,negative,negative,authenticity,coherence
● compatibility_positive,● interactions/vitality_positive,6,0.13333333333333333,14,37,positive,positive,compatibility,interactions/vitality
○ cultural_identity_positive,● distinctiveness_positive,6,0.13043478260869565,11,41,positive,positive,cultural_identity,distinctiveness
● ambience_negative,● continuity_negative,6,0.06666666666666667,16,80,negative,negative,ambience,continuity
● accessibility_positive,● nature_positive,6,0.07692307692307693,34,50,positive,positive,accessibility,nature
○ fascination_positive,● nature_positive,6,0.10526315789473684,13,50,positive,positive,fascination,nature
● authenticity_positive,● cultural heritage_positive,5,0.1724137931034483,12,22,positive,positive,authenticity,cultural heritage
● appropriation_publicness_positive,● compatibility_positive,5,0.18518518518518517,18,14,positive,positive,appropriation_publicness,compatibility
● authenticity_negative,● continuity_negative,5,0.053763440860215055,18,80,negative,negative,authenticity,continuity
● cultural identity_negative,● distinctiveness_negative,5,0.18518518518518517,9,23,negative,negative,cultural identity,distinctiveness
● distinctiveness_positive,○ fascination_positive,5,0.10204081632653061,41,13,positive,positive,distinctiveness,fascination
● familiarity_positive,● interactions/vitality_positive,5,0.09433962264150944,21,37,positive,positive,familiarity,interactions/vitality
● ambience_negative,● environment_negative,5,0.10869565217391304,16,35,negative,negative,ambience,environment
● ambience_negative,● coherence_negative,5,0.07042253521126761,16,60,negative,negative,ambience,coherence
● distinctiveness_positive,○ morphology_positive,5,0.07692307692307693,41,29,positive,positive,distinctiveness,morphology
● authenticity_negative,● nature_negative,5,0.1282051282051282,18,26,negative,negative,authenticity,nature
● authenticity_positive,● distinctiveness_positive,5,0.10416666666666667,12,41,positive,positive,authenticity,distinctiveness
● authenticity_negative,● distinctiveness_negative,5,0.1388888888888889,18,23,negative,negative,authenticity,distinctiveness
● accessibility_positive,○ morphology_positive,5,0.08620689655172414,34,29,positive,positive,accessibility,morphology
○ carrying_capacity_negative,● continuity_negative,5,0.053763440860215055,18,80,negative,negative,carrying_capacity,continuity
● beauty_positive,○ morphology_positive,5,0.078125,40,29,positive,positive,beauty,morphology
● coherence_negative,● distinctiveness_negative,5,0.0641025641025641,60,23,negative,negative,coherence,distinctiveness
○ carrying_capacity_negative,● compatibility_negative,5,0.1,18,37,negative,negative,carrying_capacity,compatibility
● ambience_negative,● compatibility_negative,4,0.08163265306122448,16,37,negative,negative,ambience,compatibility
● ambience_positive,● crossability_positive,4,0.06349206349206349,41,26,positive,positive,ambience,crossability
● interactions/vitality_negative,● Mixed_uses_negative,4,0.10526315789473684,32,10,negative,negative,interactions/vitality,Mixed_uses
● compatibility_negative,● environment_negative,4,0.058823529411764705,37,35,negative,negative,compatibility,environment
● accessibility_positive,● distinctiveness_positive,4,0.056338028169014086,34,41,positive,positive,accessibility,distinctiveness
● coherence_negative,● nature_positive,4,0.03773584905660377,60,50,negative,positive,coherence,nature
● ambience_positive,○ fascination_positive,4,0.08,41,13,positive,positive,ambience,fascination
● continuity_negative,● Mixed_uses_negative,4,0.046511627906976744,80,10,negative,negative,continuity,Mixed_uses
○ morphology_positive,○ mystery_positive,4,0.10810810810810811,29,12,positive,positive,morphology,mystery
● continuity_negative,● cultural identity_negative,4,0.047058823529411764,80,9,negative,negative,continuity,cultural identity
● beauty_positive,○ fascination_positive,4,0.08163265306122448,40,13,positive,positive,beauty,fascination
● appropriation_publicness_positive,● interactions/vitality_positive,4,0.0784313725490196,18,37,positive,positive,appropriation_publicness,interactions/vitality
● continuity_positive,● nature_positive,4,0.05,34,50,positive,positive,continuity,nature
● continuity_negative,○ resource_regime_negative,4,0.043478260869565216,80,16,negative,negative,continuity,resource_regime
● continuity_negative,● safety_comfort_negative,4,0.03636363636363636,80,34,negative,negative,continuity,safety_comfort
● distinctiveness_negative,● nature_negative,4,0.08888888888888889,23,26,negative,negative,distinctiveness,nature
● environment_positive,● nature_positive,4,0.06557377049180328,15,50,positive,positive,environment,nature
● appropriation_publicness_positive,● nature_positive,3,0.046153846153846156,18,50,positive,positive,appropriation_publicness,nature
● appropriation_publicness_positive,● distinctiveness_positive,3,0.05357142857142857,18,41,positive,positive,appropriation_publicness,distinctiveness
● ambience_positive,○ carrying_capacity_positive,3,0.06976744186046512,41,5,positive,positive,ambience,carrying_capacity
● distinctiveness_positive,○ rarity_positive,3,0.07317073170731707,41,3,positive,positive,distinctiveness,rarity
● ambience_negative,● beauty_negative,3,0.09375,16,19,negative,negative,ambience,beauty
● ambience_positive,○ morphology_positive,3,0.04477611940298507,41,29,positive,positive,ambience,morphology
○ accessibility_negative,● crossability_negative,3,0.13636363636363635,7,18,negative,negative,accessibility,crossability
● accessibility_positive,● compatibility_positive,3,0.06666666666666667,34,14,positive,positive,accessibility,compatibility
● continuity_positive,○ participative_governance_positive,3,0.075,34,9,positive,positive,continuity,participative_governance
○ participative_governance_negative,○ resource_regime_negative,3,0.08823529411764706,21,16,negative,negative,participative_governance,resource_regime
● coherence_negative,● environment_negative,3,0.03260869565217391,60,35,negative,negative,coherence,environment
● coherence_negative,○ scale_negative,3,0.046875,60,7,negative,negative,coherence,scale
● coherence_negative,○ participative_governance_negative,3,0.038461538461538464,60,21,negative,negative,coherence,participative_governance
● coherence_negative,● safety_comfort_negative,3,0.03296703296703297,60,34,negative,negative,coherence,safety_comfort
● accessibility_positive,● ambience_positive,3,0.041666666666666664,34,41,positive,positive,accessibility,ambience
● coherence_negative,● interactions/vitality_negative,3,0.033707865168539325,60,32,negative,negative,coherence,interactions/vitality
● coherence_negative,● complexity_negative,3,0.05,60,3,negative,negative,coherence,complexity
● compatibility_positive,● crossability_positive,3,0.08108108108108109,14,26,positive,positive,compatibility,crossability
● beauty_negative,● distinctiveness_negative,3,0.07692307692307693,19,23,negative,negative,beauty,distinctiveness
● compatibility_positive,● nature_positive,3,0.04918032786885246,14,50,positive,positive,compatibility,nature
● complexity_positive,○ morphology_positive,3,0.08333333333333333,10,29,positive,positive,complexity,morphology
● continuity_negative,● legibility_negative,3,0.036585365853658534,80,5,negative,negative,continuity,legibility
● coherence_negative,● compatibility_negative,3,0.031914893617021274,60,37,negative,negative,coherence,compatibility
● beauty_positive,● cultural heritage_positive,3,0.05084745762711865,40,22,positive,positive,beauty,cultural heritage
● continuity_negative,● distinctiveness_negative,3,0.03,80,23,negative,negative,continuity,distinctiveness
● continuity_negative,● nature_positive,3,0.023622047244094488,80,50,negative,positive,continuity,nature
● crossability_positive,○ mystery_positive,3,0.08571428571428572,26,12,positive,positive,crossability,mystery
● continuity_positive,● safety_comfort_positive,3,0.0625,34,17,positive,positive,continuity,safety_comfort
● continuity_positive,○ morphology_positive,3,0.05,34,29,positive,positive,continuity,morphology
● ambience_positive,● interactions/vitality_positive,3,0.04,41,37,positive,positive,ambience,interactions/vitality
● crossability_positive,● distinctiveness_positive,3,0.046875,26,41,positive,positive,crossability,distinctiveness
● appropriation_publicness_positive,○ participative_governance_positive,3,0.125,18,9,positive,positive,appropriation_publicness,participative_governance
● appropriation_publicness_negative,● continuity_negative,3,0.033707865168539325,12,80,negative,negative,appropriation_publicness,continuity
● compatibility_negative,● crossability_negative,3,0.057692307692307696,37,18,negative,negative,compatibility,crossability
● appropriation_publicness_negative,● interactions/vitality_negative,3,0.07317073170731707,12,32,negative,negative,appropriation_publicness,interactions/vitality
● safety_comfort_positive,○ scale_positive,2,0.09523809523809523,17,6,positive,positive,safety_comfort,scale
● accessibility_positive,● continuity_positive,2,0.030303030303030304,34,34,positive,positive,accessibility,continuity
● nature_positive,● safety_comfort_positive,2,0.03076923076923077,50,17,positive,positive,nature,safety_comfort
● accessibility_positive,○ carrying_capacity_neutral,2,0.05555555555555555,34,4,positive,neutral,accessibility,carrying_capacity
● ambience_negative,● interactions/vitality_negative,2,0.043478260869565216,16,32,negative,negative,ambience,interactions/vitality
○ inclusivity_negative,● Mixed_uses_negative,2,0.15384615384615385,5,10,negative,negative,inclusivity,Mixed_uses
● accessibility_positive,● complexity_positive,2,0.047619047619047616,34,10,positive,positive,accessibility,complexity
● distinctiveness_negative,● Mixed_uses_negative,2,0.06451612903225806,23,10,negative,negative,distinctiveness,Mixed_uses
● ambience_negative,● safety_comfort_negative,2,0.041666666666666664,16,34,negative,negative,ambience,safety_comfort
● ambience_positive,○ scale_positive,2,0.044444444444444446,41,6,positive,positive,ambience,scale
● distinctiveness_negative,● interactions/vitality_negative,2,0.03773584905660377,23,32,negative,negative,distinctiveness,interactions/vitality
○ cultural_identity_positive,● familiarity_positive,2,0.06666666666666667,11,21,positive,positive,cultural_identity,familiarity
○ cultural_identity_positive,● interactions/vitality_positive,2,0.043478260869565216,11,37,positive,positive,cultural_identity,interactions/vitality
○ cultural_identity_positive,● Mixed_uses_positive,2,0.1111111111111111,11,9,positive,positive,cultural_identity,Mixed_uses
● ambience_positive,● continuity_positive,2,0.0273972602739726,41,34,positive,positive,ambience,continuity
○ fascination_positive,○ mystery_positive,2,0.08695652173913043,13,12,positive,positive,fascination,mystery
● familiarity_positive,● nature_positive,2,0.028985507246376812,21,50,positive,positive,familiarity,nature
● familiarity_positive,○ mystery_positive,2,0.06451612903225806,21,12,positive,positive,familiarity,mystery
● familiarity_positive,● Mixed_uses_positive,2,0.07142857142857142,21,9,positive,positive,familiarity,Mixed_uses
● environment_positive,● safety_comfort_positive,2,0.06666666666666667,15,17,positive,positive,environment,safety_comfort
● environment_positive,○ morphology_positive,2,0.047619047619047616,15,29,positive,positive,environment,morphology
● distinctiveness_positive,○ local_solutions_positive,2,0.046511627906976744,41,4,positive,positive,distinctiveness,local_solutions
● interactions/vitality_positive,● safety_comfort_positive,2,0.038461538461538464,37,17,positive,positive,interactions/vitality,safety_comfort
● distinctiveness_positive,● environment_positive,2,0.037037037037037035,41,15,positive,positive,distinctiveness,environment
● appropriation_publicness_negative,○ mystery_negative,2,0.16666666666666666,12,2,negative,negative,appropriation_publicness,mystery
● ambience_positive,● familiarity_positive,2,0.03333333333333333,41,21,positive,positive,ambience,familiarity
● appropriation_publicness_negative,● safety_comfort_negative,2,0.045454545454545456,12,34,negative,negative,appropriation_publicness,safety_comfort
● distinctiveness_positive,● interactions/vitality_positive,2,0.02631578947368421,41,37,positive,positive,distinctiveness,interactions/vitality
● distinctiveness_positive,● legibility_positive,2,0.0392156862745098,41,12,positive,positive,distinctiveness,legibility
● cultural heritage_positive,○ local_solutions_positive,2,0.08333333333333333,22,4,positive,positive,cultural heritage,local_solutions
● appropriation_publicness_negative,● Mixed_uses_negative,2,0.1,12,10,negative,negative,appropriation_publicness,Mixed_uses
● crossability_positive,○ fascination_positive,2,0.05405405405405406,26,13,positive,positive,crossability,fascination
● distinctiveness_positive,● familiarity_positive,2,0.03333333333333333,41,21,positive,positive,distinctiveness,familiarity
● appropriation_publicness_negative,○ resource_regime_negative,2,0.07692307692307693,12,16,negative,negative,appropriation_publicness,resource_regime
● crossability_negative,○ resource_regime_negative,2,0.0625,18,16,negative,negative,crossability,resource_regime
● crossability_positive,● environment_positive,2,0.05128205128205128,26,15,positive,positive,crossability,environment
● authenticity_positive,○ cultural_identity_positive,2,0.09523809523809523,12,11,positive,positive,authenticity,cultural_identity
● cultural identity_negative,● interactions/vitality_negative,2,0.05128205128205128,9,32,negative,negative,cultural identity,interactions/vitality
● appropriation_publicness_negative,● crossability_negative,2,0.07142857142857142,12,18,negative,negative,appropriation_publicness,crossability
● continuity_negative,● cultural heritage_positive,2,0.02,80,22,negative,positive,continuity,cultural heritage
● continuity_neutral,● familiarity_positive,2,0.043478260869565216,27,21,neutral,positive,continuity,familiarity
● continuity_neutral,● environment_negative,2,0.03333333333333333,27,35,neutral,negative,continuity,environment
● authenticity_negative,○ local_solutions_negative,2,0.10526315789473684,18,3,negative,negative,authenticity,local_solutions
● beauty_positive,● compatibility_positive,2,0.038461538461538464,40,14,positive,positive,beauty,compatibility
● beauty_negative,○ participative_governance_negative,2,0.05263157894736842,19,21,negative,negative,beauty,participative_governance
● beauty_negative,○ scale_negative,2,0.08333333333333333,19,7,negative,negative,beauty,scale
● beauty_positive,● coherence_negative,2,0.02040816326530612,40,60,positive,negative,beauty,coherence
● appropriation_publicness_positive,● crossability_positive,2,0.047619047619047616,18,26,positive,positive,appropriation_publicness,crossability
● crossability_negative,● interactions/vitality_negative,2,0.041666666666666664,18,32,negative,negative,crossability,interactions/vitality
● continuity_negative,○ scale_negative,2,0.023529411764705882,80,7,negative,negative,continuity,scale
● continuity_positive,● interactions/vitality_positive,2,0.028985507246376812,34,37,positive,positive,continuity,interactions/vitality
● cultural heritage_negative,● interactions/vitality_negative,2,0.05263157894736842,8,32,negative,negative,cultural heritage,interactions/vitality
○ complexity_neutral,● nature_positive,2,0.03773584905660377,5,50,neutral,positive,complexity,nature
● beauty_positive,● environment_positive,2,0.03773584905660377,40,15,positive,positive,beauty,environment
● authenticity_positive,○ local_solutions_positive,2,0.14285714285714285,12,4,positive,positive,authenticity,local_solutions
● complexity_negative,● continuity_negative,2,0.024691358024691357,3,80,negative,negative,complexity,continuity
● beauty_positive,● crossability_positive,2,0.03125,40,26,positive,positive,beauty,crossability
○ carrying_capacity_negative,● interactions/vitality_negative,2,0.041666666666666664,18,32,negative,negative,carrying_capacity,interactions/vitality
○ carrying_capacity_negative,● nature_negative,2,0.047619047619047616,18,26,negative,negative,carrying_capacity,nature
● complexity_positive,○ fascination_positive,2,0.09523809523809523,10,13,positive,positive,complexity,fascination
● complexity_positive,○ mystery_positive,2,0.1,10,12,positive,positive,complexity,mystery
● beauty_positive,● interactions/vitality_positive,2,0.02666666666666667,40,37,positive,positive,beauty,interactions/vitality
● compatibility_positive,● continuity_positive,2,0.043478260869565216,14,34,positive,positive,compatibility,continuity
● coherence_positive,● nature_positive,2,0.03333333333333333,12,50,positive,positive,coherence,nature
● beauty_positive,○ scale_positive,2,0.045454545454545456,40,6,positive,positive,beauty,scale
● beauty_positive,○ openness_enclosure_positive,2,0.047619047619047616,40,4,positive,positive,beauty,openness_enclosure
● beauty_positive,○ mystery_positive,2,0.04,40,12,positive,positive,beauty,mystery
● compatibility_negative,○ participative_governance_negative,2,0.03571428571428571,37,21,negative,negative,compatibility,participative_governance
● coherence_negative,○ morphology_positive,2,0.022988505747126436,60,29,negative,positive,coherence,morphology
● nature_negative,● safety_comfort_negative,2,0.034482758620689655,26,34,negative,negative,nature,safety_comfort
● accessibility_positive,● beauty_positive,2,0.027777777777777776,34,40,positive,positive,accessibility,beauty
● accessibility_positive,○ carrying_capacity_positive,1,0.02631578947368421,34,5,positive,positive,accessibility,carrying_capacity
○ accessibility_negative,○ resource_regime_negative,1,0.045454545454545456,7,16,negative,negative,accessibility,resource_regime
○ accessibility_neutral,● cultural identity_negative,1,0.1111111111111111,1,9,neutral,negative,accessibility,cultural identity
○ accessibility_neutral,● interactions/vitality_positive,1,0.02702702702702703,1,37,neutral,positive,accessibility,interactions/vitality
● accessibility_positive,● appropriation_publicness_positive,1,0.0196078431372549,34,18,positive,positive,accessibility,appropriation_publicness
● accessibility_positive,○ carrying_capacity_negative,1,0.0196078431372549,34,18,positive,negative,accessibility,carrying_capacity
● nature_negative,● nature_positive,1,0.013333333333333334,26,50,negative,positive,nature,nature
○ mystery_positive,○ scale_positive,1,0.058823529411764705,12,6,positive,positive,mystery,scale
○ mystery_neutral,● nature_positive,1,0.018867924528301886,4,50,neutral,positive,mystery,nature
○ mystery_neutral,● nature_negative,1,0.034482758620689655,4,26,neutral,negative,mystery,nature
○ mystery_negative,● safety_comfort_negative,1,0.02857142857142857,2,34,negative,negative,mystery,safety_comfort
○ legibility_neutral,○ morphology_positive,1,0.03125,4,29,neutral,positive,legibility,morphology
○ legibility_neutral,○ mystery_positive,1,0.06666666666666667,4,12,neutral,positive,legibility,mystery
● legibility_positive,○ local_solutions_negative,1,0.07142857142857142,12,3,positive,negative,legibility,local_solutions
● legibility_positive,○ local_solutions_positive,1,0.06666666666666667,12,4,positive,positive,legibility,local_solutions
● ambience_negative,● complexity_negative,1,0.05555555555555555,16,3,negative,negative,ambience,complexity
● ambience_negative,● continuity_neutral,1,0.023809523809523808,16,27,negative,neutral,ambience,continuity
● ambience_negative,● distinctiveness_negative,1,0.02631578947368421,16,23,negative,negative,ambience,distinctiveness
● ambience_negative,● legibility_negative,1,0.05,16,5,negative,negative,ambience,legibility
● ambience_negative,● nature_negative,1,0.024390243902439025,16,26,negative,negative,ambience,nature
● Mixed_uses_negative,○ participative_governance_negative,1,0.03333333333333333,10,21,negative,negative,Mixed_uses,participative_governance
● Mixed_uses_negative,○ resource_regime_negative,1,0.04,10,16,negative,negative,Mixed_uses,resource_regime
○ mixed_uses_neutral,○ morphology_positive,1,0.03333333333333333,2,29,neutral,positive,mixed_uses,morphology
● Mixed_uses_positive,○ scale_positive,1,0.07142857142857142,9,6,positive,positive,Mixed_uses,scale
○ morphology_negative,○ mystery_neutral,1,0.25,1,4,negative,neutral,morphology,mystery
○ morphology_negative,● nature_negative,1,0.038461538461538464,1,26,negative,negative,morphology,nature
○ morphology_positive,○ mystery_neutral,1,0.03125,29,4,positive,neutral,morphology,mystery
● coherence_positive,○ fascination_positive,1,0.041666666666666664,12,13,positive,positive,coherence,fascination
● coherence_positive,● legibility_positive,1,0.043478260869565216,12,12,positive,positive,coherence,legibility
● coherence_positive,○ local_solutions_positive,1,0.06666666666666667,12,4,positive,positive,coherence,local_solutions
● coherence_positive,○ mystery_positive,1,0.043478260869565216,12,12,positive,positive,coherence,mystery
● coherence_negative,○ cultural heritage_neutral,1,0.016666666666666666,60,1,negative,neutral,coherence,cultural heritage
● coherence_negative,● cultural heritage_positive,1,0.012345679012345678,60,22,negative,positive,coherence,cultural heritage
● coherence_negative,● cultural identity_negative,1,0.014705882352941176,60,9,negative,negative,coherence,cultural identity
● coherence_negative,● familiarity_negative,1,0.01639344262295082,60,2,negative,negative,coherence,familiarity
● coherence_negative,● familiarity_positive,1,0.0125,60,21,negative,positive,coherence,familiarity
● coherence_negative,● legibility_negative,1,0.015625,60,5,negative,negative,coherence,legibility
● coherence_negative,○ local_solutions_negative,1,0.016129032258064516,60,3,negative,negative,coherence,local_solutions
● coherence_negative,● Mixed_uses_negative,1,0.014492753623188406,60,10,negative,negative,coherence,Mixed_uses
○ carrying_capacity_neutral,● complexity_positive,1,0.07692307692307693,4,10,neutral,positive,carrying_capacity,complexity
○ carrying_capacity_neutral,● continuity_negative,1,0.012048192771084338,4,80,neutral,negative,carrying_capacity,continuity
○ carrying_capacity_positive,● distinctiveness_positive,1,0.022222222222222223,5,41,positive,positive,carrying_capacity,distinctiveness
○ carrying_capacity_positive,● legibility_positive,1,0.0625,5,12,positive,positive,carrying_capacity,legibility
○ coherence_neutral,○ distinctiveness_neutral,1,0.16666666666666666,5,2,neutral,neutral,coherence,distinctiveness
○ coherence_neutral,● familiarity_negative,1,0.16666666666666666,5,2,neutral,negative,coherence,familiarity
○ coherence_neutral,○ legibility_neutral,1,0.125,5,4,neutral,neutral,coherence,legibility
○ coherence_neutral,○ openness_enclosure_neutral,1,0.16666666666666666,5,2,neutral,neutral,coherence,openness_enclosure
○ coherence_neutral,○ scale_negative,1,0.09090909090909091,5,7,neutral,negative,coherence,scale
● coherence_negative,● coherence_positive,1,0.014084507042253521,60,12,negative,positive,coherence,coherence
● coherence_negative,○ complexity_neutral,1,0.015625,60,5,negative,neutral,coherence,complexity
● coherence_negative,● continuity_neutral,1,0.011627906976744186,60,27,negative,neutral,coherence,continuity
● coherence_negative,● crossability_positive,1,0.011764705882352941,60,26,negative,positive,coherence,crossability
● coherence_negative,● cultural heritage_negative,1,0.014925373134328358,60,8,negative,negative,coherence,cultural heritage
● beauty_positive,○ openness_enclosure_negative,1,0.022222222222222223,40,6,positive,negative,beauty,openness_enclosure
● beauty_positive,● safety_comfort_positive,1,0.017857142857142856,40,17,positive,positive,beauty,safety_comfort
● coherence_positive,● crossability_positive,1,0.02702702702702703,12,26,positive,positive,coherence,crossability
● coherence_positive,● distinctiveness_positive,1,0.019230769230769232,12,41,positive,positive,coherence,distinctiveness
● coherence_positive,● environment_positive,1,0.038461538461538464,12,15,positive,positive,coherence,environment
● coherence_positive,● familiarity_negative,1,0.07692307692307693,12,2,positive,negative,coherence,familiarity
○ complexity_neutral,● continuity_neutral,1,0.03225806451612903,5,27,neutral,neutral,complexity,continuity
○ complexity_neutral,● continuity_positive,1,0.02631578947368421,5,34,neutral,positive,complexity,continuity
○ complexity_neutral,● distinctiveness_positive,1,0.022222222222222223,5,41,neutral,positive,complexity,distinctiveness
○ complexity_neutral,● legibility_negative,1,0.1111111111111111,5,5,neutral,negative,complexity,legibility
○ complexity_neutral,● legibility_positive,1,0.0625,5,12,neutral,positive,complexity,legibility
● coherence_positive,○ scale_negative,1,0.05555555555555555,12,7,positive,negative,coherence,scale
● coherence_positive,○ scale_positive,1,0.058823529411764705,12,6,positive,positive,coherence,scale
● compatibility_negative,● continuity_positive,1,0.014285714285714285,37,34,negative,positive,compatibility,continuity
● compatibility_negative,○ inclusivity_negative,1,0.024390243902439025,37,5,negative,negative,compatibility,inclusivity
● compatibility_negative,● interactions/vitality_positive,1,0.0136986301369863,37,37,negative,positive,compatibility,interactions/vitality
● compatibility_negative,● Mixed_uses_negative,1,0.021739130434782608,37,10,negative,negative,compatibility,Mixed_uses
● compatibility_negative,● nature_positive,1,0.011627906976744186,37,50,negative,positive,compatibility,nature
● compatibility_negative,○ openness_enclosure_negative,1,0.023809523809523808,37,6,negative,negative,compatibility,openness_enclosure
● compatibility_negative,○ scale_negative,1,0.023255813953488372,37,7,negative,negative,compatibility,scale
○ coherence_neutral,● coherence_positive,1,0.0625,5,12,neutral,positive,coherence,coherence
○ coherence_neutral,○ complexity_neutral,1,0.1111111111111111,5,5,neutral,neutral,coherence,complexity
● compatibility_positive,○ morphology_positive,1,0.023809523809523808,14,29,positive,positive,compatibility,morphology
● compatibility_positive,○ participative_governance_positive,1,0.045454545454545456,14,9,positive,positive,compatibility,participative_governance
● compatibility_positive,● safety_comfort_positive,1,0.03333333333333333,14,17,positive,positive,compatibility,safety_comfort
○ carrying_capacity_negative,● environment_negative,1,0.019230769230769232,18,35,negative,negative,carrying_capacity,environment
○ carrying_capacity_negative,○ mystery_negative,1,0.05263157894736842,18,2,negative,negative,carrying_capacity,mystery
○ carrying_capacity_negative,○ openness_enclosure_positive,1,0.047619047619047616,18,4,negative,positive,carrying_capacity,openness_enclosure
○ carrying_capacity_negative,○ participative_governance_negative,1,0.02631578947368421,18,21,negative,negative,carrying_capacity,participative_governance
○ carrying_capacity_negative,○ scale_negative,1,0.041666666666666664,18,7,negative,negative,carrying_capacity,scale
● beauty_positive,○ complexity_neutral,1,0.022727272727272728,40,5,positive,neutral,beauty,complexity
● beauty_positive,● complexity_positive,1,0.02040816326530612,40,10,positive,positive,beauty,complexity
● beauty_positive,● continuity_negative,1,0.008403361344537815,40,80,positive,negative,beauty,continuity
● beauty_positive,● continuity_positive,1,0.0136986301369863,40,34,positive,positive,beauty,continuity
● beauty_positive,● crossability_negative,1,0.017543859649122806,40,18,positive,negative,beauty,crossability
● complexity_negative,● legibility_negative,1,0.14285714285714285,3,5,negative,negative,complexity,legibility
● complexity_negative,● safety_comfort_negative,1,0.027777777777777776,3,34,negative,negative,complexity,safety_comfort
○ complexity_neutral,● continuity_negative,1,0.011904761904761904,5,80,neutral,negative,complexity,continuity
● complexity_positive,● crossability_negative,1,0.037037037037037035,10,18,positive,negative,complexity,crossability
● complexity_positive,● crossability_positive,1,0.02857142857142857,10,26,positive,positive,complexity,crossability
● beauty_positive,○ cultural_identity_positive,1,0.02,40,11,positive,positive,beauty,cultural_identity
● beauty_positive,● environment_negative,1,0.013513513513513514,40,35,positive,negative,beauty,environment
● beauty_positive,● interactions/vitality_negative,1,0.014084507042253521,40,32,positive,negative,beauty,interactions/vitality
● beauty_positive,● Mixed_uses_positive,1,0.020833333333333332,40,9,positive,positive,beauty,Mixed_uses
● authenticity_positive,● nature_negative,1,0.02702702702702703,12,26,positive,negative,authenticity,nature
● beauty_negative,● beauty_positive,1,0.017241379310344827,19,40,negative,positive,beauty,beauty
● beauty_negative,● continuity_neutral,1,0.022222222222222223,19,27,negative,neutral,beauty,continuity
● complexity_positive,● distinctiveness_positive,1,0.02,10,41,positive,positive,complexity,distinctiveness
● complexity_positive,● legibility_positive,1,0.047619047619047616,10,12,positive,positive,complexity,legibility
● complexity_positive,○ scale_positive,1,0.06666666666666667,10,6,positive,positive,complexity,scale
● continuity_negative,● continuity_neutral,1,0.009433962264150943,80,27,negative,neutral,continuity,continuity
● continuity_negative,● continuity_positive,1,0.008849557522123894,80,34,negative,positive,continuity,continuity
● compatibility_positive,○ cultural_identity_positive,1,0.041666666666666664,14,11,positive,positive,compatibility,cultural_identity
● compatibility_positive,● distinctiveness_positive,1,0.018518518518518517,14,41,positive,positive,compatibility,distinctiveness
● continuity_neutral,● distinctiveness_positive,1,0.014925373134328358,27,41,neutral,positive,continuity,distinctiveness
● continuity_neutral,● interactions/vitality_negative,1,0.017241379310344827,27,32,neutral,negative,continuity,interactions/vitality
● continuity_neutral,● interactions/vitality_positive,1,0.015873015873015872,27,37,neutral,positive,continuity,interactions/vitality
● continuity_neutral,● legibility_negative,1,0.03225806451612903,27,5,neutral,negative,continuity,legibility
● continuity_neutral,● legibility_positive,1,0.02631578947368421,27,12,neutral,positive,continuity,legibility
● continuity_neutral,● Mixed_uses_positive,1,0.02857142857142857,27,9,neutral,positive,continuity,Mixed_uses
● continuity_negative,● crossability_negative,1,0.010309278350515464,80,18,negative,negative,continuity,crossability
● continuity_negative,● fascination_negative,1,0.012345679012345678,80,2,negative,negative,continuity,fascination
● continuity_negative,● interactions/vitality_positive,1,0.008620689655172414,80,37,negative,positive,continuity,interactions/vitality
● continuity_negative,● legibility_positive,1,0.01098901098901099,80,12,negative,positive,continuity,legibility
● continuity_negative,○ local_solutions_negative,1,0.012195121951219513,80,3,negative,negative,continuity,local_solutions
● continuity_negative,○ mystery_negative,1,0.012345679012345678,80,2,negative,negative,continuity,mystery
○ complexity_neutral,○ morphology_negative,1,0.2,5,1,neutral,negative,complexity,morphology
○ complexity_neutral,○ morphology_positive,1,0.030303030303030304,5,29,neutral,positive,complexity,morphology
○ complexity_neutral,○ mystery_neutral,1,0.125,5,4,neutral,neutral,complexity,mystery
○ complexity_neutral,● nature_negative,1,0.03333333333333333,5,26,neutral,negative,complexity,nature
● authenticity_positive,● beauty_positive,1,0.0196078431372549,12,40,positive,positive,authenticity,beauty
● authenticity_positive,● continuity_negative,1,0.01098901098901099,12,80,positive,negative,authenticity,continuity
● authenticity_positive,● continuity_neutral,1,0.02631578947368421,12,27,positive,neutral,authenticity,continuity
● appropriation_publicness_positive,● cultural heritage_positive,1,0.02564102564102564,18,22,positive,positive,appropriation_publicness,cultural heritage
● appropriation_publicness_positive,● Mixed_uses_positive,1,0.038461538461538464,18,9,positive,positive,appropriation_publicness,Mixed_uses
● appropriation_publicness_positive,○ mystery_positive,1,0.034482758620689655,18,12,positive,positive,appropriation_publicness,mystery
● beauty_negative,● environment_negative,1,0.018867924528301886,19,35,negative,negative,beauty,environment
● beauty_negative,● nature_positive,1,0.014705882352941176,19,50,negative,positive,beauty,nature
● beauty_positive,○ carrying_capacity_positive,1,0.022727272727272728,40,5,positive,positive,beauty,carrying_capacity
● beauty_positive,● coherence_positive,1,0.0196078431372549,40,12,positive,positive,beauty,coherence
● beauty_positive,● compatibility_negative,1,0.013157894736842105,40,37,positive,negative,beauty,compatibility
● authenticity_negative,○ cultural_identity_positive,1,0.03571428571428571,18,11,negative,positive,authenticity,cultural_identity
● authenticity_negative,● distinctiveness_positive,1,0.017241379310344827,18,41,negative,positive,authenticity,distinctiveness
● authenticity_negative,● environment_negative,1,0.019230769230769232,18,35,negative,negative,authenticity,environment
● authenticity_negative,○ openness_enclosure_neutral,1,0.05263157894736842,18,2,negative,neutral,authenticity,openness_enclosure
● continuity_neutral,○ cultural_identity_positive,1,0.02702702702702703,27,11,neutral,positive,continuity,cultural_identity
● crossability_positive,○ participative_governance_positive,1,0.029411764705882353,26,9,positive,positive,crossability,participative_governance
● cultural heritage_negative,● cultural identity_negative,1,0.0625,8,9,negative,negative,cultural heritage,cultural identity
● cultural heritage_negative,● distinctiveness_negative,1,0.03333333333333333,8,23,negative,negative,cultural heritage,distinctiveness
● continuity_neutral,● nature_negative,1,0.019230769230769232,27,26,neutral,negative,continuity,nature
● continuity_neutral,○ scale_negative,1,0.030303030303030304,27,7,neutral,negative,continuity,scale
● continuity_positive,● crossability_positive,1,0.01694915254237288,34,26,positive,positive,continuity,crossability
● continuity_positive,● interactions/vitality_negative,1,0.015384615384615385,34,32,positive,negative,continuity,interactions/vitality
● continuity_positive,● legibility_positive,1,0.022222222222222223,34,12,positive,positive,continuity,legibility
● continuity_positive,○ local_solutions_positive,1,0.02702702702702703,34,4,positive,positive,continuity,local_solutions
● continuity_positive,○ mixed_uses_neutral,1,0.02857142857142857,34,2,positive,neutral,continuity,mixed_uses
● continuity_positive,● nature_negative,1,0.01694915254237288,34,26,positive,negative,continuity,nature
● continuity_negative,○ openness_enclosure_negative,1,0.011764705882352941,80,6,negative,negative,continuity,openness_enclosure
● continuity_negative,○ openness_enclosure_positive,1,0.012048192771084338,80,4,negative,positive,continuity,openness_enclosure
● continuity_neutral,○ cultural heritage_neutral,1,0.037037037037037035,27,1,neutral,neutral,continuity,cultural heritage
● authenticity_negative,○ participative_governance_negative,1,0.02631578947368421,18,21,negative,negative,authenticity,participative_governance
● authenticity_negative,○ resource_regime_negative,1,0.030303030303030304,18,16,negative,negative,authenticity,resource_regime
○ cultural_identity_neutral,○ distinctiveness_neutral,1,0.5,1,2,neutral,neutral,cultural_identity,distinctiveness
● crossability_negative,● safety_comfort_negative,1,0.0196078431372549,18,34,negative,negative,crossability,safety_comfort
● crossability_positive,● familiarity_positive,1,0.021739130434782608,26,21,positive,positive,crossability,familiarity
● crossability_positive,● interactions/vitality_positive,1,0.016129032258064516,26,37,positive,positive,crossability,interactions/vitality
● appropriation_publicness_positive,○ rarity_positive,1,0.05,18,3,positive,positive,appropriation_publicness,rarity
● appropriation_publicness_positive,● safety_comfort_positive,1,0.029411764705882353,18,17,positive,positive,appropriation_publicness,safety_comfort
● authenticity_negative,● authenticity_positive,1,0.034482758620689655,18,12,negative,positive,authenticity,authenticity
● authenticity_negative,● continuity_neutral,1,0.022727272727272728,18,27,negative,neutral,authenticity,continuity
● authenticity_negative,● continuity_positive,1,0.0196078431372549,18,34,negative,positive,authenticity,continuity
● authenticity_negative,● cultural identity_negative,1,0.038461538461538464,18,9,negative,negative,authenticity,cultural identity
● appropriation_publicness_negative,○ carrying_capacity_negative,1,0.034482758620689655,12,18,negative,negative,appropriation_publicness,carrying_capacity
● appropriation_publicness_negative,● coherence_negative,1,0.014084507042253521,12,60,negative,negative,appropriation_publicness,coherence
● appropriation_publicness_negative,○ inclusivity_negative,1,0.0625,12,5,negative,negative,appropriation_publicness,inclusivity
● appropriation_publicness_negative,○ interactions/vitality_neutral,1,0.07692307692307693,12,2,negative,neutral,appropriation_publicness,interactions/vitality
● crossability_positive,● legibility_positive,1,0.02702702702702703,26,12,positive,positive,crossability,legibility
● crossability_positive,● Mixed_uses_positive,1,0.029411764705882353,26,9,positive,positive,crossability,Mixed_uses
● cultural heritage_positive,○ cultural_identity_positive,1,0.03125,22,11,positive,positive,cultural heritage,cultural_identity
● cultural heritage_positive,○ fascination_positive,1,0.029411764705882353,22,13,positive,positive,cultural heritage,fascination
● cultural heritage_positive,○ morphology_neutral,1,0.04,22,4,positive,neutral,cultural heritage,morphology
● cultural heritage_positive,○ morphology_positive,1,0.02,22,29,positive,positive,cultural heritage,morphology
● appropriation_publicness_negative,○ participative_governance_negative,1,0.03125,12,21,negative,negative,appropriation_publicness,participative_governance
● appropriation_publicness_negative,● safety_comfort_positive,1,0.03571428571428571,12,17,negative,positive,appropriation_publicness,safety_comfort
● appropriation_publicness_positive,● beauty_positive,1,0.017543859649122806,18,40,positive,positive,appropriation_publicness,beauty
● ambience_positive,● distinctiveness_positive,1,0.012345679012345678,41,41,positive,positive,ambience,distinctiveness
● ambience_positive,● interactions/vitality_negative,1,0.013888888888888888,41,32,positive,negative,ambience,interactions/vitality
● ambience_positive,● legibility_positive,1,0.019230769230769232,41,12,positive,positive,ambience,legibility
● cultural heritage_positive,○ mystery_positive,1,0.030303030303030304,22,12,positive,positive,cultural heritage,mystery
● cultural identity_negative,● interactions/vitality_positive,1,0.022222222222222223,9,37,negative,positive,cultural identity,interactions/vitality
● cultural identity_negative,● Mixed_uses_negative,1,0.05555555555555555,9,10,negative,negative,cultural identity,Mixed_uses
● cultural identity_negative,● nature_negative,1,0.029411764705882353,9,26,negative,negative,cultural identity,nature
● cultural identity_negative,○ participative_governance_negative,1,0.034482758620689655,9,21,negative,negative,cultural identity,participative_governance
● cultural identity_negative,○ resource_regime_negative,1,0.041666666666666664,9,16,negative,negative,cultural identity,resource_regime
● environment_positive,○ fascination_positive,1,0.037037037037037035,15,13,positive,positive,environment,fascination
○ cultural_identity_positive,● nature_positive,1,0.016666666666666666,11,50,positive,positive,cultural_identity,nature
● distinctiveness_negative,● environment_negative,1,0.017543859649122806,23,35,negative,negative,distinctiveness,environment
● ambience_positive,● Mixed_uses_positive,1,0.02040816326530612,41,9,positive,positive,ambience,Mixed_uses
● ambience_positive,○ mystery_positive,1,0.019230769230769232,41,12,positive,positive,ambience,mystery
● ambience_positive,○ openness_enclosure_positive,1,0.022727272727272728,41,4,positive,positive,ambience,openness_enclosure
● ambience_positive,○ participative_governance_positive,1,0.02040816326530612,41,9,positive,positive,ambience,participative_governance
● ambience_positive,○ resource_regime_positive,1,0.023255813953488372,41,3,positive,positive,ambience,resource_regime
● ambience_negative,○ openness_enclosure_negative,1,0.047619047619047616,16,6,negative,negative,ambience,openness_enclosure
● ambience_negative,○ openness_enclosure_positive,1,0.05263157894736842,16,4,negative,positive,ambience,openness_enclosure
● ambience_negative,○ scale_negative,1,0.045454545454545456,16,7,negative,negative,ambience,scale
● ambience_positive,● appropriation_publicness_positive,1,0.017241379310344827,41,18,positive,positive,ambience,appropriation_publicness
● ambience_positive,● authenticity_positive,1,0.019230769230769232,41,12,positive,positive,ambience,authenticity
● distinctiveness_negative,● legibility_negative,1,0.037037037037037035,23,5,negative,negative,distinctiveness,legibility
○ distinctiveness_neutral,○ legibility_neutral,1,0.2,2,4,neutral,neutral,distinctiveness,legibility
● cultural heritage_negative,● legibility_negative,1,0.08333333333333333,8,5,negative,negative,cultural heritage,legibility
● ambience_positive,● coherence_positive,1,0.019230769230769232,41,12,positive,positive,ambience,coherence
● ambience_positive,● compatibility_positive,1,0.018518518518518517,41,14,positive,positive,ambience,compatibility
● ambience_positive,● complexity_positive,1,0.02,41,10,positive,positive,ambience,complexity
● ambience_positive,● crossability_negative,1,0.017241379310344827,41,18,positive,negative,ambience,crossability
● ambience_positive,● cultural heritage_positive,1,0.016129032258064516,41,22,positive,positive,ambience,cultural heritage
● accessibility_positive,○ openness_enclosure_positive,1,0.02702702702702703,34,4,positive,positive,accessibility,openness_enclosure
● ambience_negative,● authenticity_negative,1,0.030303030303030304,16,18,negative,negative,ambience,authenticity
● ambience_negative,● beauty_positive,1,0.01818181818181818,16,40,negative,positive,ambience,beauty
● ambience_negative,○ carrying_capacity_negative,1,0.030303030303030304,16,18,negative,negative,ambience,carrying_capacity
● distinctiveness_positive,● safety_comfort_positive,1,0.017543859649122806,41,17,positive,positive,distinctiveness,safety_comfort
● environment_negative,● familiarity_positive,1,0.01818181818181818,35,21,negative,positive,environment,familiarity
● environment_negative,● nature_negative,1,0.016666666666666666,35,26,negative,negative,environment,nature
● environment_negative,○ openness_enclosure_negative,1,0.025,35,6,negative,negative,environment,openness_enclosure
● environment_negative,○ participative_governance_negative,1,0.01818181818181818,35,21,negative,negative,environment,participative_governance
● environment_negative,○ resource_regime_negative,1,0.02,35,16,negative,negative,environment,resource_regime
● environment_negative,○ scale_negative,1,0.024390243902439025,35,7,negative,negative,environment,scale
● interactions/vitality_positive,○ openness_enclosure_negative,1,0.023809523809523808,37,6,positive,negative,interactions/vitality,openness_enclosure
● interactions/vitality_positive,○ rarity_positive,1,0.02564102564102564,37,3,positive,positive,interactions/vitality,rarity
● interactions/vitality_positive,● safety_comfort_negative,1,0.014285714285714285,37,34,positive,negative,interactions/vitality,safety_comfort
● interactions/vitality_positive,○ scale_negative,1,0.023255813953488372,37,7,positive,negative,interactions/vitality,scale
● environment_positive,● legibility_positive,1,0.038461538461538464,15,12,positive,positive,environment,legibility
● environment_positive,○ rarity_positive,1,0.058823529411764705,15,3,positive,positive,environment,rarity
● familiarity_negative,● fascination_negative,1,0.3333333333333333,2,2,negative,negative,familiarity,fascination
● familiarity_negative,○ scale_negative,1,0.125,2,7,negative,negative,familiarity,scale
● familiarity_positive,○ morphology_positive,1,0.02040816326530612,21,29,positive,positive,familiarity,morphology
● fascination_negative,● nature_negative,1,0.037037037037037035,2,26,negative,negative,fascination,nature
○ fascination_positive,● legibility_positive,1,0.041666666666666664,13,12,positive,positive,fascination,legibility
○ fascination_positive,○ morphology_positive,1,0.024390243902439025,13,29,positive,positive,fascination,morphology
● distinctiveness_positive,● Mixed_uses_positive,1,0.02040816326530612,41,9,positive,positive,distinctiveness,Mixed_uses
● distinctiveness_positive,○ openness_enclosure_positive,1,0.022727272727272728,41,4,positive,positive,distinctiveness,openness_enclosure
● distinctiveness_positive,○ participative_governance_positive,1,0.02040816326530612,41,9,positive,positive,distinctiveness,participative_governance
● ambience_positive,● coherence_negative,1,0.01,41,60,positive,negative,ambience,coherence
● legibility_positive,○ mixed_uses_neutral,1,0.07692307692307693,12,2,positive,neutral,legibility,mixed_uses
● legibility_positive,○ morphology_positive,1,0.025,12,29,positive,positive,legibility,morphology
● legibility_positive,○ mystery_positive,1,0.043478260869565216,12,12,positive,positive,legibility,mystery
● legibility_positive,● nature_positive,1,0.01639344262295082,12,50,positive,positive,legibility,nature
● legibility_positive,○ rarity_positive,1,0.07142857142857142,12,3,positive,positive,legibility,rarity
● legibility_positive,○ scale_positive,1,0.058823529411764705,12,6,positive,positive,legibility,scale
○ local_solutions_negative,○ openness_enclosure_neutral,1,0.25,3,2,negative,neutral,local_solutions,openness_enclosure
○ local_solutions_positive,○ mystery_positive,1,0.06666666666666667,4,12,positive,positive,local_solutions,mystery
● Mixed_uses_negative,● nature_negative,1,0.02857142857142857,10,26,negative,negative,Mixed_uses,nature
○ fascination_positive,○ rarity_positive,1,0.06666666666666667,13,3,positive,positive,fascination,rarity
○ inclusivity_negative,● interactions/vitality_negative,1,0.027777777777777776,5,32,negative,negative,inclusivity,interactions/vitality
○ inclusivity_negative,○ participative_governance_negative,1,0.04,5,21,negative,negative,inclusivity,participative_governance
○ inclusivity_positive,● Mixed_uses_positive,1,0.1111111111111111,1,9,positive,positive,inclusivity,Mixed_uses
● interactions/vitality_negative,○ mystery_negative,1,0.030303030303030304,32,2,negative,negative,interactions/vitality,mystery
● interactions/vitality_negative,● safety_comfort_positive,1,0.020833333333333332,32,17,negative,positive,interactions/vitality,safety_comfort
● interactions/vitality_positive,● nature_positive,1,0.011627906976744186,37,50,positive,positive,interactions/vitality,nature
○ morphology_positive,○ openness_enclosure_positive,1,0.03125,29,4,positive,positive,morphology,openness_enclosure
○ accessibility_negative,● appropriation_publicness_negative,1,0.05555555555555555,7,12,negative,negative,accessibility,appropriation_publicness
○ accessibility_negative,● compatibility_negative,1,0.023255813953488372,7,37,negative,negative,accessibility,compatibility
● accessibility_positive,● continuity_neutral,1,0.016666666666666666,34,27,positive,neutral,accessibility,continuity
○ accessibility_negative,● familiarity_positive,1,0.037037037037037035,7,21,negative,positive,accessibility,familiarity
○ accessibility_negative,○ mystery_positive,1,0.05555555555555555,7,12,negative,positive,accessibility,mystery
● accessibility_positive,○ cultural_identity_positive,1,0.022727272727272728,34,11,positive,positive,accessibility,cultural_identity
● nature_positive,○ scale_positive,1,0.01818181818181818,50,6,positive,positive,nature,scale
○ openness_enclosure_negative,○ participative_governance_negative,1,0.038461538461538464,6,21,negative,negative,openness_enclosure,participative_governance
○ participative_governance_positive,○ resource_regime_positive,1,0.09090909090909091,9,3,positive,positive,participative_governance,resource_regime
○ participative_governance_positive,● safety_comfort_positive,1,0.04,9,17,positive,positive,participative_governance,safety_comfort
○ resource_regime_negative,● safety_comfort_negative,1,0.02040816326530612,16,34,negative,negative,resource_regime,safety_comfort
○ resource_regime_neutral,○ safety_comfort_neutral,1,0.3333333333333333,3,1,neutral,neutral,resource_regime,safety_comfort
● interactions/vitality_positive,○ scale_positive,1,0.023809523809523808,37,6,positive,positive,interactions/vitality,scale
● legibility_negative,● legibility_positive,1,0.0625,5,12,negative,positive,legibility,legibility
○ legibility_neutral,○ morphology_neutral,1,0.14285714285714285,4,4,neutral,neutral,legibility,morphology
○ carrying_capacity_positive,● nature_positive,1,0.018518518518518517,5,50,positive,positive,carrying_capacity,nature
○ carrying_capacity_positive,○ openness_enclosure_positive,1,0.125,5,4,positive,positive,carrying_capacity,openness_enclosure
● coherence_negative,○ coherence_neutral,1,0.015625,60,5,negative,neutral,coherence,coherence
● accessibility_positive,● distinctiveness_negative,1,0.017857142857142856,34,23,positive,negative,accessibility,distinctiveness
● accessibility_positive,● environment_negative,1,0.014705882352941176,34,35,positive,negative,accessibility,environment
● accessibility_positive,● environment_positive,1,0.020833333333333332,34,15,positive,positive,accessibility,environment
● accessibility_positive,○ fascination_positive,1,0.021739130434782608,34,13,positive,positive,accessibility,fascination
● accessibility_positive,● interactions/vitality_positive,1,0.014285714285714285,34,37,positive,positive,accessibility,interactions/vitality
● accessibility_positive,● Mixed_uses_positive,1,0.023809523809523808,34,9,positive,positive,accessibility,Mixed_uses
● accessibility_positive,○ mystery_positive,1,0.022222222222222223,34,12,positive,positive,accessibility,mystery
● nature_negative,○ openness_enclosure_positive,1,0.034482758620689655,26,4,negative,positive,nature,openness_enclosure
● nature_positive,○ openness_enclosure_positive,1,0.018867924528301886,50,4,positive,positive,nature,openness_enclosure
● nature_positive,○ participative_governance_negative,1,0.014285714285714285,50,21,positive,negative,nature,participative_governance
● nature_positive,○ participative_governance_positive,1,0.017241379310344827,50,9,positive,positive,nature,participative_governance
● nature_positive,○ rarity_positive,1,0.019230769230769232,50,3,positive,positive,nature,rarity
● nature_positive,● safety_comfort_negative,1,0.012048192771084338,50,34,positive,negative,nature,safety_comfort
