code,code_frequency,sentiment,indicator
● continuity_negative,80,negative,continuity
● coherence_negative,60,negative,coherence
● nature_positive,50,positive,nature
● ambience_positive,41,positive,ambience
● distinctiveness_positive,41,positive,distinctiveness
● beauty_positive,40,positive,beauty
● compatibility_negative,37,negative,compatibility
● interactions/vitality_positive,37,positive,interactions/vitality
● environment_negative,35,negative,environment
● accessibility_positive,34,positive,accessibility
● continuity_positive,34,positive,continuity
● safety_comfort_negative,34,negative,safety_comfort
● interactions/vitality_negative,32,negative,interactions/vitality
○ morphology_positive,29,positive,morphology
● continuity_neutral,27,neutral,continuity
● crossability_positive,26,positive,crossability
● nature_negative,26,negative,nature
● distinctiveness_negative,23,negative,distinctiveness
● cultural heritage_positive,22,positive,cultural heritage
○ participative_governance_negative,21,negative,participative_governance
● familiarity_positive,21,positive,familiarity
● beauty_negative,19,negative,beauty
○ carrying_capacity_negative,18,negative,carrying_capacity
● appropriation_publicness_positive,18,positive,appropriation_publicness
● authenticity_negative,18,negative,authenticity
● crossability_negative,18,negative,crossability
● safety_comfort_positive,17,positive,safety_comfort
○ resource_regime_negative,16,negative,resource_regime
● ambience_negative,16,negative,ambience
● environment_positive,15,positive,environment
● compatibility_positive,14,positive,compatibility
○ fascination_positive,13,positive,fascination
○ mystery_positive,12,positive,mystery
● appropriation_publicness_negative,12,negative,appropriation_publicness
● authenticity_positive,12,positive,authenticity
● coherence_positive,12,positive,coherence
● legibility_positive,12,positive,legibility
○ cultural_identity_positive,11,positive,cultural_identity
● Mixed_uses_negative,10,negative,Mixed_uses
● complexity_positive,10,positive,complexity
○ participative_governance_positive,9,positive,participative_governance
● Mixed_uses_positive,9,positive,Mixed_uses
● cultural identity_negative,9,negative,cultural identity
● cultural heritage_negative,8,negative,cultural heritage
○ accessibility_negative,7,negative,accessibility
○ scale_negative,7,negative,scale
○ openness_enclosure_negative,6,negative,openness_enclosure
○ scale_positive,6,positive,scale
○ carrying_capacity_positive,5,positive,carrying_capacity
○ coherence_neutral,5,neutral,coherence
○ complexity_neutral,5,neutral,complexity
○ inclusivity_negative,5,negative,inclusivity
● legibility_negative,5,negative,legibility
○ carrying_capacity_neutral,4,neutral,carrying_capacity
○ legibility_neutral,4,neutral,legibility
○ local_solutions_positive,4,positive,local_solutions
○ morphology_neutral,4,neutral,morphology
○ mystery_neutral,4,neutral,mystery
○ openness_enclosure_positive,4,positive,openness_enclosure
○ local_solutions_negative,3,negative,local_solutions
○ rarity_positive,3,positive,rarity
○ resource_regime_neutral,3,neutral,resource_regime
○ resource_regime_positive,3,positive,resource_regime
● complexity_negative,3,negative,complexity
○ distinctiveness_neutral,2,neutral,distinctiveness
○ interactions/vitality_neutral,2,neutral,interactions/vitality
○ mixed_uses_neutral,2,neutral,mixed_uses
○ mystery_negative,2,negative,mystery
○ openness_enclosure_neutral,2,neutral,openness_enclosure
● familiarity_negative,2,negative,familiarity
● fascination_negative,2,negative,fascination
○ accessibility_neutral,1,neutral,accessibility
○ cultural heritage_neutral,1,neutral,cultural heritage
○ cultural_identity_neutral,1,neutral,cultural_identity
○ environment_neutral,1,neutral,environment
○ familiarity_neutral,1,neutral,familiarity
○ inclusivity_positive,1,positive,inclusivity
○ morphology_negative,1,negative,morphology
○ rarity_negative,1,negative,rarity
○ safety_comfort_neutral,1,neutral,safety_comfort
