indicator,positive,negative,neutral,total,share_positive,share_negative,share_neutral
continuity,34,80,27,141,0.24113475177304963,0.5673758865248227,0.19148936170212766
coherence,12,60,5,77,0.15584415584415584,0.7792207792207793,0.06493506493506493
nature,50,26,0,76,0.6578947368421053,0.34210526315789475,0.0
interactions/vitality,37,32,2,71,0.5211267605633803,0.4507042253521127,0.028169014084507043
distinctiveness,41,23,2,66,0.6212121212121212,0.3484848484848485,0.030303030303030304
beauty,40,19,0,59,0.6779661016949152,0.3220338983050847,0.0
ambience,41,16,0,57,0.7192982456140351,0.2807017543859649,0.0
safety_comfort,17,34,1,52,0.3269230769230769,0.6538461538461539,0.019230769230769232
compatibility,14,37,0,51,0.27450980392156865,0.7254901960784313,0.0
environment,15,35,1,51,0.29411764705882354,0.6862745098039216,0.0196078431372549
crossability,26,18,0,44,0.5909090909090909,0.4090909090909091,0.0
accessibility,34,7,1,42,0.8095238095238095,0.16666666666666666,0.023809523809523808
morphology,29,1,4,34,0.8529411764705882,0.029411764705882353,0.11764705882352941
cultural heritage,22,8,1,31,0.7096774193548387,0.25806451612903225,0.03225806451612903
appropriation_publicness,18,12,0,30,0.6,0.4,0.0
authenticity,12,18,0,30,0.4,0.6,0.0
participative_governance,9,21,0,30,0.3,0.7,0.0
carrying_capacity,5,18,4,27,0.18518518518518517,0.6666666666666666,0.14814814814814814
familiarity,21,2,1,24,0.875,0.08333333333333333,0.041666666666666664
resource_regime,3,16,3,22,0.13636363636363635,0.7272727272727273,0.13636363636363635
legibility,12,5,4,21,0.5714285714285714,0.23809523809523808,0.19047619047619047
Mixed_uses,9,10,0,19,0.47368421052631576,0.5263157894736842,0.0
complexity,10,3,5,18,0.5555555555555556,0.16666666666666666,0.2777777777777778
mystery,12,2,4,18,0.6666666666666666,0.1111111111111111,0.2222222222222222
fascination,13,2,0,15,0.8666666666666667,0.13333333333333333,0.0
scale,6,7,0,13,0.46153846153846156,0.5384615384615384,0.0
cultural_identity,11,0,1,12,0.9166666666666666,0.0,0.08333333333333333
openness_enclosure,4,6,2,12,0.3333333333333333,0.5,0.16666666666666666
cultural identity,0,9,0,9,0.0,1.0,0.0
local_solutions,4,3,0,7,0.5714285714285714,0.42857142857142855,0.0
inclusivity,1,5,0,6,0.16666666666666666,0.8333333333333334,0.0
rarity,3,1,0,4,0.75,0.25,0.0
mixed_uses,0,0,2,2,0.0,0.0,1.0
