level,path_length,path,sentiment_pattern,weighted_count,raw_count,unique_sources,mean_reference_span,median_reference_span,stop_distribution,source_normalized_support,persists_after_leave_one_source_out
leaf,4,cultural heritage_positive -> continuity_neutral -> continuity_neutral -> continuity_negative,positive -> neutral -> neutral -> negative,1.0625,2,2,48.0,48.0,"{""Chiesa, Via San Gottardo"": 1, ""Panorama, Via dei Colli"": 1}",0.2,True
leaf,4,coherence_negative -> complexity_positive -> nature_positive -> beauty_positive,negative -> positive -> positive -> positive,0.25833333333333336,2,2,7.5,7.5,"{""Navegna Lago"": 1, ""Ponte Navegna"": 1}",0.2,True
leaf,4,environment_negative -> continuity_neutral -> cultural heritage_positive -> continuity_negative,negative -> neutral -> positive -> negative,0.2361111111111111,2,2,23.5,23.5,"{""Ponte Navegna"": 1, ""Chiesa, Via San Gottardo"": 1}",0.2,True
leaf,4,continuity_negative -> continuity_negative -> coherence_negative -> coherence_negative,negative -> negative -> negative -> negative,0.22916666666666666,2,2,19.5,19.5,"{""Navegna Lago"": 1, ""Panorama, Via dei Colli"": 1}",0.2,True
leaf,4,accessibility_positive -> interactions/vitality_negative -> interactions/vitality_negative -> continuity_negative,positive -> negative -> negative -> negative,0.20833333333333331,2,2,14.0,14.0,"{""Via Mezzaro"": 1, ""Panorama, Via dei Colli"": 1}",0.2,True
leaf,4,coherence_negative -> coherence_negative -> continuity_negative -> continuity_negative,negative -> negative -> negative -> negative,0.20833333333333331,2,2,26.0,26.0,"{""Navegna Lago"": 1, ""Panorama, Via dei Colli"": 1}",0.2,True
leaf,4,continuity_negative -> coherence_negative -> coherence_negative -> continuity_negative,negative -> negative -> negative -> negative,0.20833333333333331,2,2,23.0,23.0,"{""Navegna Lago"": 1, ""Panorama, Via dei Colli"": 1}",0.2,True
leaf,4,coherence_negative -> morphology_positive -> cultural heritage_positive -> coherence_negative,negative -> positive -> positive -> negative,0.13734567901234568,2,2,13.5,13.5,"{""Navegna Lago"": 1, ""Ponte Navegna"": 1}",0.2,True
leaf,4,continuity_positive -> continuity_negative -> authenticity_negative -> compatibility_negative,positive -> negative -> negative -> negative,0.125,2,2,6.5,6.5,"{""Navegna Lago"": 1, ""Via Mezzaro"": 1}",0.2,True
leaf,4,morphology_positive -> accessibility_positive -> interactions/vitality_negative -> interactions/vitality_negative,positive -> positive -> negative -> negative,0.125,2,2,14.0,14.0,"{""Simen x Paoli"": 1, ""Panorama, Via dei Colli"": 1}",0.2,True
leaf,4,nature_positive -> accessibility_positive -> interactions/vitality_negative -> interactions/vitality_negative,positive -> positive -> negative -> negative,0.125,2,2,14.0,14.0,"{""Simen x Paoli"": 1, ""Panorama, Via dei Colli"": 1}",0.2,True
leaf,4,coherence_negative -> coherence_negative -> resource_regime_negative -> continuity_negative,negative -> negative -> negative -> negative,0.09722222222222221,2,2,21.0,21.0,"{""Navegna Lago"": 1, ""Ponte Navegna"": 1}",0.2,True
leaf,4,coherence_negative -> coherence_negative -> resource_regime_negative -> participative_governance_negative,negative -> negative -> negative -> negative,0.09722222222222221,2,2,21.0,21.0,"{""Navegna Lago"": 1, ""Ponte Navegna"": 1}",0.2,True
leaf,4,nature_positive -> nature_positive -> coherence_negative -> coherence_negative,positive -> positive -> negative -> negative,0.07222222222222222,2,2,32.0,32.0,"{""Navegna Lago"": 1, ""Panorama, Via dei Colli"": 1}",0.2,True
leaf,4,continuity_negative -> participative_governance_negative -> nature_positive -> continuity_positive,negative -> negative -> positive -> positive,0.06944444444444445,2,2,22.0,22.0,"{""Navegna Lago"": 1, ""Ponte Navegna"": 1}",0.2,True
leaf,4,distinctiveness_positive -> accessibility_positive -> continuity_negative -> interactions/vitality_negative,positive -> positive -> negative -> negative,0.0625,2,2,10.5,10.5,"{""Simen x Paoli"": 1, ""Via Mezzaro"": 1}",0.2,True
leaf,4,distinctiveness_positive -> accessibility_positive -> interactions/vitality_negative -> interactions/vitality_negative,positive -> positive -> negative -> negative,0.0625,2,2,10.5,10.5,"{""Simen x Paoli"": 1, ""Via Mezzaro"": 1}",0.2,True
leaf,4,distinctiveness_positive -> crossability_positive -> continuity_negative -> interactions/vitality_negative,positive -> positive -> negative -> negative,0.0625,2,2,10.5,10.5,"{""Simen x Paoli"": 1, ""Via Mezzaro"": 1}",0.2,True
leaf,4,distinctiveness_positive -> crossability_positive -> interactions/vitality_negative -> interactions/vitality_negative,positive -> positive -> negative -> negative,0.0625,2,2,10.5,10.5,"{""Simen x Paoli"": 1, ""Via Mezzaro"": 1}",0.2,True
leaf,4,nature_positive -> morphology_positive -> continuity_positive -> nature_positive,positive -> positive -> positive -> positive,0.046296296296296294,2,2,9.0,9.0,"{""Navegna Lago"": 1, ""Ponte Navegna"": 1}",0.2,True
leaf,4,continuity_negative -> interactions/vitality_negative -> continuity_negative -> continuity_negative,negative -> negative -> negative -> negative,0.03888888888888889,2,2,10.5,10.5,"{""Via Mezzaro"": 1, ""Chiesa, Via San Gottardo"": 1}",0.2,True
leaf,4,interactions/vitality_negative -> continuity_negative -> continuity_negative -> continuity_negative,negative -> negative -> negative -> negative,0.03888888888888889,2,2,9.0,9.0,"{""Via Mezzaro"": 1, ""Chiesa, Via San Gottardo"": 1}",0.2,True
leaf,4,nature_positive -> distinctiveness_positive -> continuity_positive -> distinctiveness_positive,positive -> positive -> positive -> positive,0.03194444444444444,2,2,4.5,4.5,"{""Navegna Lago"": 1, ""Via Mezzaro"": 1}",0.2,True
leaf,4,mystery_positive -> distinctiveness_positive -> nature_positive -> distinctiveness_positive,positive -> positive -> positive -> positive,0.02962962962962963,2,2,7.0,7.0,"{""Navegna Lago"": 1, ""After Via dei Colli / Before Mezzaro"": 1}",0.2,True
leaf,4,appropriation_publicness_positive -> distinctiveness_positive -> nature_positive -> distinctiveness_positive,positive -> positive -> positive -> positive,0.022685185185185183,2,2,6.0,6.0,"{""Navegna Lago"": 1, ""Via Mezzaro"": 1}",0.2,True
