code,in_degree,out_degree,in_strength,out_strength,source_sink_balance,transition_entropy,pagerank,directed_betweenness,strongly_connected_component,symmetrized_community
continuity_negative,53,50,36.71666666666667,36.71666666666667,0.0,4.971596886302041,0.05674197100542161,0.38353348479930754,1,1
coherence_negative,46,52,30.516666666666666,30.266666666666666,-0.004112969564025226,5.058929550902496,0.04721899486794957,0.23699015471167373,1,3
interactions/vitality_positive,39,35,20.233333333333334,18.4,-0.04745470232959454,4.556567795059359,0.03392728274071291,0.09696527101590392,1,2
environment_negative,33,29,20.53333333333333,20.2,-0.008183306055646452,4.240177251849963,0.03275081073859712,0.10321324245374879,1,5
compatibility_negative,38,33,19.45,19.28333333333333,-0.0043029259896730085,4.406730811985885,0.03212440536340231,0.05834144758195391,1,3
ambience_positive,43,32,17.8,17.466666666666665,-0.009451795841209898,4.530348072911128,0.02967928780089087,0.07605755707021529,1,5
continuity_neutral,27,27,19.0,19.0,0.0,4.258980527061354,0.029469753725577235,0.12366114897760468,1,1
safety_comfort_negative,38,34,17.583333333333332,16.75,-0.024271844660194143,4.564578526046019,0.029419335707029814,0.0544466082440766,1,2
nature_positive,44,51,17.849999999999998,18.599999999999998,0.020576131687242802,5.184310100682057,0.029258077017140657,0.04419560748674673,1,3
interactions/vitality_negative,33,32,18.03333333333333,18.03333333333333,0.0,4.077479530888555,0.028803886630257295,0.08506437303905659,1,2
beauty_positive,42,40,17.666666666666668,16.833333333333332,-0.024154589371980745,4.910956787882676,0.027844801934421314,0.03675754625121714,1,5
distinctiveness_positive,47,40,16.066666666666666,16.066666666666666,0.0,4.839265988685813,0.026202101600027363,0.05525803310613437,1,6
continuity_positive,35,37,15.766666666666667,16.766666666666666,0.030737704918032734,4.542522013529794,0.025988733350132492,0.08950016228497241,1,1
accessibility_positive,34,39,15.65,17.65,0.06006006006006001,4.833420828460953,0.025177628412203137,0.08379314075516606,1,4
nature_negative,28,29,15.283333333333333,16.28333333333333,0.03167898627243923,4.225429903270794,0.023925526141728343,0.0916910094125284,1,6
familiarity_positive,26,22,12.65,11.983333333333333,-0.02706359945872806,4.19556277338954,0.021968849176876692,0.031023477226008876,1,1
morphology_positive,37,37,11.766666666666667,11.183333333333334,-0.025417574437182303,4.837033120413765,0.020592578984300784,0.045034079844206425,1,4
participative_governance_negative,30,27,11.533333333333333,11.533333333333333,0.0,4.2055742348839535,0.01927481838465702,0.012982797792924375,1,3
distinctiveness_negative,27,25,11.25,11.75,0.021739130434782608,3.988593851741995,0.018884687599873887,0.039272963323596234,1,6
resource_regime_negative,24,25,10.416666666666666,10.416666666666666,0.0,4.20606966115973,0.018665834050583658,0.028075300227198962,1,2
cultural heritage_positive,26,29,10.033333333333333,11.033333333333333,0.04746835443037975,4.1987455338960915,0.016669781617902422,0.0010548523206751054,1,1
crossability_positive,31,30,9.85,9.6,-0.012853470437017995,4.480854066855087,0.016264343333524955,0.004706264199935086,1,5
beauty_negative,19,25,9.033333333333333,9.033333333333333,0.0,4.10981539019033,0.015830224282409114,0.012739370334307044,1,2
carrying_capacity_negative,26,27,9.066666666666666,9.066666666666666,0.0,4.205687264582279,0.015025207918974645,0.0001622849724115547,1,5
coherence_positive,24,18,7.816666666666666,7.816666666666666,0.0,3.7344934784920594,0.014925988491626923,0.027913015254787406,1,3
safety_comfort_positive,21,26,8.033333333333333,7.033333333333333,-0.06637168141592921,4.402577000791849,0.01378931516931927,0.010142810775722167,1,4
crossability_negative,17,26,7.166666666666666,7.5,0.02272727272727277,4.161760438968795,0.012814376089649691,0.0001622849724115547,1,5
legibility_positive,21,23,5.9,5.9,0.0,3.970224263316036,0.012730192202644491,0.01346965271015904,1,1
environment_positive,23,16,6.316666666666666,5.983333333333333,-0.02710027100271,3.27965504363841,0.012450440455242573,0.023044466082440766,1,5
authenticity_negative,27,20,6.75,6.75,0.0,3.9741331775758764,0.01244820546896176,0.0,1,6
appropriation_publicness_positive,24,29,6.583333333333333,6.583333333333333,0.0,4.530539506024133,0.012353542824168343,0.0033268419344368713,1,3
cultural_identity_positive,17,15,5.483333333333333,5.483333333333333,0.0,3.39090781006554,0.009950983394256764,0.012658227848101266,1,1
appropriation_publicness_negative,18,19,4.533333333333333,4.366666666666666,-0.01872659176029966,3.828721065959129,0.00994261113928234,0.00519311911716975,1,2
ambience_negative,27,27,5.433333333333334,4.933333333333334,-0.04823151125401929,4.267257315957207,0.009837544836095807,0.0,1,4
compatibility_positive,19,27,4.866666666666666,4.866666666666666,0.0,4.461086976110767,0.009179264652366776,0.0,1,2
participative_governance_positive,8,15,4.7,4.7,0.0,3.745906589034016,0.008609890352300172,0.0003245699448231094,1,3
fascination_positive,23,20,4.566666666666666,4.566666666666666,0.0,3.826954489332034,0.008480709776370046,0.008682246024018176,1,3
mystery_positive,20,18,3.85,3.85,0.0,3.704659741625651,0.008266704540074955,0.0004868549172346641,1,4
mystery_neutral,6,9,3.5,3.5,0.0,3.1173442079779345,0.008136682715860554,0.014849074975657253,1,1
authenticity_positive,22,20,4.283333333333333,4.283333333333333,0.0,3.8648879796073254,0.007989168220482377,0.0,1,1
accessibility_negative,8,17,3.3333333333333335,4.0,0.09090909090909088,3.4188374304739986,0.007909686699950512,0.012658227848101266,1,4
Mixed_uses_negative,14,19,4.0,4.0,0.0,3.6626078286441848,0.007737701421621361,0.0,1,4
cultural identity_negative,13,13,3.6666666666666665,3.6666666666666665,0.0,3.214110777455063,0.007690226082368037,0.0,1,6
cultural heritage_negative,9,11,3.8333333333333335,3.8333333333333335,0.0,3.1846929334713074,0.007272744926762395,0.0,1,1
openness_enclosure_negative,7,7,3.7,3.6999999999999997,-6.001205538514359e-17,2.628125980017192,0.007153510973911738,0.0,1,3
inclusivity_negative,7,11,3.5,3.5,0.0,3.0162701008865884,0.007140676047330147,0.0,1,2
Mixed_uses_positive,15,15,3.15,3.15,0.0,3.55561762091151,0.006786120791794248,0.0,1,2
complexity_positive,16,21,3.3166666666666664,3.8166666666666664,0.07009345794392524,3.987623256386268,0.006768287841181497,0.005247214107973601,1,3
morphology_neutral,6,5,3.0,3.0,0.0,1.9523612813926658,0.00672153338166084,0.0034079844206426485,1,4
coherence_neutral,12,7,2.533333333333333,2.533333333333333,0.0,2.416279386342779,0.00631955358139258,0.021665043816942554,1,5
scale_negative,14,11,2.533333333333333,2.2,-0.07042253521126754,3.1319098659279248,0.005556777171631533,0.0,1,2
legibility_neutral,7,8,2.1666666666666665,1.8333333333333333,-0.08333333333333331,2.913977073182752,0.0055323208473650985,0.0017039922103213245,1,4
carrying_capacity_neutral,11,7,2.3333333333333335,2.333333333333333,-9.516197353929914e-17,2.686494994012813,0.005483653852448185,0.0,1,1
carrying_capacity_positive,10,11,2.3666666666666667,2.3666666666666667,0.0,3.3127674474991538,0.00547166874663513,0.0,1,5
complexity_neutral,11,9,1.7833333333333332,1.7833333333333332,0.0,2.8145949287683396,0.0054111499324434025,0.006004543979227523,1,6
resource_regime_positive,8,8,2.3333333333333335,2.3333333333333335,0.0,2.9488156357251842,0.005410875355047063,0.0,1,2
resource_regime_neutral,7,4,2.5,1.5,-0.25,1.4466166676282082,0.005357767593797434,0.013307367737747485,1,6
scale_positive,6,9,2.0666666666666664,3.0666666666666664,0.19480519480519481,2.476151383898477,0.004678281162990438,0.0,1,3
legibility_negative,10,9,1.7833333333333332,1.7833333333333332,0.0,3.020222291891592,0.004591577028316201,0.0,1,1
complexity_negative,4,7,1.7000000000000002,1.7,-6.530723674265626e-17,2.0157404324930677,0.00431783516938067,0.0,1,2
interactions/vitality_neutral,4,5,1.5,1.5,0.0,2.113283334294875,0.004285072565520532,0.00024342745861733204,1,1
openness_enclosure_neutral,6,3,0.8333333333333333,0.8333333333333333,0.0,1.5709505944546684,0.0038680160772075196,0.0001622849724115547,1,1
local_solutions_positive,13,10,1.2,1.2,0.0,3.147385828246894,0.0038123719844883157,0.0,1,6
mixed_uses_neutral,4,4,1.25,1.25,0.0,1.0389205950315936,0.003804394235262204,0.0,1,2
local_solutions_negative,9,6,1.0,1.0,0.0,2.2810361125534233,0.003591598696708175,0.0,1,1
openness_enclosure_positive,10,10,1.0666666666666667,1.0666666666666667,0.0,2.8685404758454656,0.0034578479309184122,0.0,1,5
rarity_negative,1,1,1.0,1.0,0.0,-0.0,0.003440321332372491,0.0019474196689386564,1,4
mystery_negative,5,3,0.5333333333333333,0.5333333333333333,0.0,1.3294340029249652,0.003426266891265541,0.0,1,3
familiarity_neutral,2,2,1.0,1.0,0.0,1.0,0.0033105138128771286,0.0,1,5
environment_neutral,1,2,1.0,1.0,0.0,1.0,0.003253124062959559,0.0,1,5
distinctiveness_neutral,3,6,0.8333333333333333,0.8333333333333333,0.0,2.570950594454669,0.0031042515219393925,0.0001622849724115547,1,4
rarity_positive,6,5,0.7833333333333333,0.7833333333333333,0.0,2.1685311676802623,0.0030337373172904694,0.0,1,6
familiarity_negative,6,4,0.7,0.7,0.0,1.8631205685666312,0.002927914259164511,0.0,1,6
safety_comfort_neutral,3,3,0.5,0.5,0.0,1.584962500721156,0.002669256423304442,0.0,1,2
fascination_negative,3,3,0.5,1.5,0.5,1.2516291673878228,0.0026381698143570585,0.0,1,1
morphology_negative,2,2,0.5,0.5,0.0,1.0,0.002600582186876344,0.0,1,4
cultural_identity_neutral,2,4,0.5,0.5,0.0,2.0,0.0025824777444818955,0.0,1,3
inclusivity_positive,3,3,0.5,0.5,0.0,1.584962500721156,0.0025511311464814935,0.0,1,3
accessibility_neutral,1,2,0.3333333333333333,0.3333333333333333,0.0,1.0,0.0023826757336327517,0.0,1,2
cultural heritage_neutral,3,3,0.3333333333333333,0.3333333333333333,0.0,1.584962500721156,0.002333784941565345,0.0,1,4
